url_path,views_total,views_unique
/EarthSciML/GasChem.jl,20,3
/EarthSciML/GasChem.jl/pull/165,5,2
/EarthSciML/GasChem.jl/blob/main/ext/EarthSciDataExt.jl,5,1
/EarthSciML/GasChem.jl/blob/main/src/SuperFast.jl,3,1
/EarthSciML/GasChem.jl/blob/main/src/geoschem_fullchem.jl,3,1
/EarthSciML/GasChem.jl/pulls,3,1
/EarthSciML/GasChem.jl/tree/main,3,1
/EarthSciML/GasChem.jl/tree/main/ext,3,1
/EarthSciML/GasChem.jl/blob/main/src/Fast-JX.jl,2,1
/EarthSciML/GasChem.jl/pull/165/commits/a968ea38695f0d44c4ab75d254f434bf91123c50,2,1
